{
  "BTCUSDT": {
    "quote_balance": 0.0,
    "base_balance": 0.016015782211294138,
    "trade_count": 13
  },
  "ETHUSDT": {
    "quote_balance": 1072.7806912614901,
    "base_balance": 0.0,
    "trade_count": 14
  }
}