{
  "BTCUSDT": {
    "quote_balance": 1028.5702946390286,
    "base_balance": 0.0,
    "trade_count": 12
  },
  "ETHUSDT": {
    "quote_balance": 1072.7806912614901,
    "base_balance": 0.0,
    "trade_count": 14
  }
}