{
  "BTCUSDT": {
    "quote_balance": 1004.5671815207689,
    "base_balance": 0.0,
    "trade_count": 10
  },
  "ETHUSDT": {
    "quote_balance": 0.0,
    "base_balance": 0.5737831536303046,
    "trade_count": 13
  }
}