{
  "BTCUSDT": {
    "quote_balance": 0.0,
    "base_balance": 0.016541553139267803,
    "trade_count": 1
  },
  "ETHUSDT": {
    "quote_balance": 0.0,
    "base_balance": 0.6302472698511566,
    "trade_count": 1
  }
}