{
  "BTCUSDT": {
    "quote_balance": 0.0,
    "base_balance": 0.016020822828161745,
    "trade_count": 9
  },
  "ETHUSDT": {
    "quote_balance": 0.0,
    "base_balance": 0.5788190632102824,
    "trade_count": 11
  }
}