{
  "BTCUSDT": {
    "quote_balance": 0.0,
    "base_balance": 0.015954019019553213,
    "trade_count": 11
  },
  "ETHUSDT": {
    "quote_balance": 0.0,
    "base_balance": 0.5737831536303046,
    "trade_count": 13
  }
}