{
  "BTCUSDT": {
    "quote_balance": 0.0,
    "base_balance": 0.01615598784357527,
    "trade_count": 7
  },
  "ETHUSDT": {
    "quote_balance": 0.0,
    "base_balance": 0.5788190632102824,
    "trade_count": 11
  }
}