{
  "BTCUSDT": {
    "quote_balance": 1053.9426514884108,
    "base_balance": 0.0,
    "trade_count": 14
  },
  "ETHUSDT": {
    "quote_balance": 1087.7060992141658,
    "base_balance": 0.0,
    "trade_count": 18
  }
}