{
  "BTCUSDT": {
    "quote_balance": 1028.5702946390286,
    "base_balance": 0.0,
    "trade_count": 12
  },
  "ETHUSDT": {
    "quote_balance": 0.0,
    "base_balance": 0.5737831536303046,
    "trade_count": 13
  }
}