{
  "BTCUSDT": {
    "quote_balance": 1004.5671815207689,
    "base_balance": 0.0,
    "trade_count": 10
  },
  "ETHUSDT": {
    "quote_balance": 1028.5622768935693,
    "base_balance": 0.0,
    "trade_count": 12
  }
}