{
  "BTCUSDT": {
    "quote_balance": 0.0,
    "base_balance": 0.016015782211294138,
    "trade_count": 13
  },
  "ETHUSDT": {
    "quote_balance": 0.0,
    "base_balance": 0.5771744685342476,
    "trade_count": 15
  }
}