{
  "BTCUSDT": {
    "quote_balance": 0.0,
    "base_balance": 0.01600551616164711,
    "trade_count": 15
  },
  "ETHUSDT": {
    "quote_balance": 1087.7060992141658,
    "base_balance": 0.0,
    "trade_count": 18
  }
}